betweenness_centrality,degree_centrality,in_degree_centrality,out_degree_centrality,pagerank,hits_hubness,hits_authority
0.9999999999999977,0.9945403918278294,0.9958649386591675,0.9759967106775013,0.9961489814543091,0.90997754386962,0.3452701285203208
0.9945403918278294,0.9999999999999931,0.9908995407610438,0.9923074730601962,0.9869266775787168,0.9375250901658194,0.36271414962560694
0.9958649386591675,0.9908995407610438,0.9999999999999948,0.9691396188028041,0.9987429138079608,0.9123772903115187,0.3782284711783679
0.9759967106775013,0.9923074730601962,0.9691396188028041,0.9999999999999987,0.9620993199009661,0.9611810990241495,0.3539757364819007
0.9961489814543091,0.9869266775787168,0.9987429138079608,0.9620993199009661,1.0,0.9004458984876557,0.3628200473770194
0.90997754386962,0.9375250901658194,0.9123772903115187,0.9611810990241495,0.9004458984876557,0.999999999999996,0.3759056147660527
0.3452701285203208,0.36271414962560694,0.3782284711783679,0.3539757364819007,0.3628200473770194,0.3759056147660527,1.0
