betweenness_centrality,degree_centrality,in_degree_centrality,out_degree_centrality,pagerank,hits_hubness,hits_authority
1.0,0.48266352117523215,0.2702568323760534,0.27626918224928415,0.2185908811491669,0.15671171782108284,0.15865208945440434
0.48266352117523215,1.0,0.5338482714047548,0.24839986237948347,0.41467651152191115,0.1739048723718067,0.3944324613350811
0.2702568323760534,0.5338482714047548,1.0,-0.35631365255306063,0.8270588235154183,-0.26761914830178596,0.8082275107702815
0.27626918224928415,0.24839986237948347,-0.35631365255306063,1.0,-0.25568647479467715,0.8132935617062761,-0.26817021722487233
0.21859088114916686,0.41467651152191115,0.8270588235154184,-0.2556864747946771,1.0,-0.181745430794601,0.8242187343953963
0.15671171782108287,0.1739048723718067,-0.26761914830178596,0.8132935617062761,-0.181745430794601,0.9999999999999999,-0.1666110868094756
0.15865208945440432,0.39443246133508114,0.8082275107702815,-0.2681702172248724,0.8242187343953963,-0.1666110868094756,0.9999999999999999
